article_id,url,title,source,published_date,retrieved_date,score,relevant,confidence,heat_terms_found,incident_type,is_occupational,location_specificity,summary,architecture,full_text_fetched
2700f583b9e9,https://news.google.com/rss/articles/CBMihgFBVV95cUxOdVpoYVYwM0piUW50WC1qZVJlb24tb3VQckctZlIzMXkzcnlkUnh4N2hGZjlaRXR0YmtsYVlMNGNQUmFjYzVtS21XWXRDTXpxWG1Zci1UZkxrRkxDVElYYTNOaFZ4cFpmWnQxaWl6VENDNVdpM2F4OVFpOW55Z1RuZGJXM3pZZw?oc=5,Over 350 earthquakes recorded since Friday in part of southern California - AOL.com,Google News (AOL.com),2026-05-11T17:05:20+00:00,2026-05-12T05:29:19.521995+00:00,0,False,0.0,,none,False,none,,alerts,True
891dd8f3620c,https://news.google.com/rss/articles/CBMiiAFBVV95cUxOVE8yaWVXSUlQejlFS3JCNUxGVGVpam1pN0wtTzNqOFY2N2R3cFVqMlRIUGNQTktWR2M5UlZ2LTk0amZJSHFrQ3gwby1vTjV2NTJrT3laTHpyZWU3dFBvQWk0eUJHM2JHT1Vsa29PNU5LbkQ1VDd5SEN0bW4xS1NhWXBrTWxQZkJK?oc=5,Extreme Heat Warning Issued for Millions as Temperatures Soar to 114 Degrees - AOL.com,Google News (AOL.com),2026-05-11T23:50:21+00:00,2026-05-12T12:00:45.357461+00:00,15,True,0.25,extreme heat,warning,False,none,,alerts,True
3776d2fa4924,https://news.google.com/rss/articles/CBMiqgFBVV95cUxNdl9EQ19DVEZOMi03aXBRWTRySEc4cV84RTI4VjVLam1qYm9NTTB3RUZFd1dybk9lSUpIYjBXMDlYTzlIUEJ4dElqMzROVW4wT05FV3AtUVNUaXhxM05hUTBQZ25zTWpJblJHVVBhdi00UFdTeHBnOWVXTWpOVjlrSHEtY3d0U1ZmZHZRbUh2QzhBM3MwQXdOYzRlUV9ZSDQ0b1RKdnBVenRfUQ?oc=5,FIRST ALERT ACTION DAY: Tracking extreme heat through tonight - kyma.com,Google News (kyma.com),2026-05-11T21:26:49+00:00,2026-05-12T12:00:45.357615+00:00,15,True,0.25,extreme heat,illness,False,none,,alerts,True
e445d10fef7c,https://news.google.com/rss/articles/CBMivAFBVV95cUxPT3VNZWIyZVVQSG9oTEhtNTVCMmJla05DemtoS2hhNy1CVVRRNXcyRE9FV2pjQVg3ZjdTZTZyMmdRdnFqSHJIS2ZkWFFOd3VSdi1yR3I3dVpsb0dlcVFnbHFsaTFzeDdkMWlnMmtCQU1DSl9lWElyQ3hkRE1yQ21yanA2ZGZFQmhKR1g0cnRFSDVtRWtXMnQ4aERTUTJTMW5odlpHTXlkaVlKV3pObGNJYmhoN3B5eVhhU0p0eQ?oc=5,Emergency room visits during heat waves available to the public in 'near-real time' in L.A. County - Los Angeles Times,Google News (Los Angeles Times),2026-06-04T10:00:00+00:00,2026-06-04T12:46:56.366564+00:00,15,True,0.25,heat wave,hospitalization,False,none,,alerts,True
fbeb12a60949,https://news.google.com/rss/articles/CBMingFBVV95cUxOZ25qZHdtS0Y2dXJWZERMSW9veEFUVkNkWGRqYlBuRWRXaE5GcURtV0dvb3BJSUx0V2NHOG5zbkRDUUl5TVZ4RUgzMk5LZHNBa2F1UXJSMklMd2RMVjhKbjhYaDlDUXJkRHQtY05sTU5qazBTblBuQ0lpNzFmT1R4bno4SFRSd0RDUW9MUExUVmd1LTZkQUtRc0Ztc2xBZw?oc=5,Emergency room visits during heat waves available to the public in 'near-real time' in L.A. County - Yahoo,Google News (Yahoo),2026-06-04T10:00:00+00:00,2026-06-04T12:46:56.366769+00:00,15,True,0.25,heat wave,hospitalization,False,none,,alerts,True
a588535687d2,https://news.google.com/rss/articles/CBMinAFBVV95cUxQTFNfY01nRllZRFFvUGlmZG1FemROVUQ1U2ZPdDFUc25KaFVibkNEZlRRem9rZG5OOGREUHEwbDNwZ1Q3VjZGT1VKUlI1S2NHZzV1Y2xMR2JwTy1ZTm5JbU1TM3ZQejQ2NTRES0l3SWRFRk1kbDIwUmp3QXFxT1p3TG9VSDFhNW5Kb2lYSlN6eHJLU3VUa0dXWUFzQWQ?oc=5,L.A. County Launches a New Tool to Track Heat Illness in Near Real Time - Governing,Google News (Governing),2026-06-05T17:06:03+00:00,2026-06-06T11:37:46.296385+00:00,30,True,0.5,heat illness,illness,False,none,,alerts,True
c809b294ffe0,https://news.google.com/rss/articles/CBMiswFBVV95cUxNd1NTUHp5N0VqMFVVeE5UVGMzcUtmMW96NF9jeHVOdU04WEJva3hUekxtVnl0UUZFUGU3b081LUZwY1R5VHBtWmlBdi1zZmhtWGRoYTFiVGFkdFlGaDBSSkl2ZW1ucU40blAxWFQtZDczbzBubjhZT3RFYzdlRmVidnZlamxfNXJFdzFiMTczZGpEdGMtUHR1SDFxZzBZNG5lR3B0OEJkOThxSVZ4cmpLVUtJcw?oc=5,Everything We Know About the Young Hiker Who Just Died in the Grand Canyon - Outside Magazine,Google News (Outside Magazine),2026-06-08T22:45:54+00:00,2026-06-09T12:42:13.458651+00:00,3,False,0.05,,none,False,none,,alerts,True
d77310d7e07c,https://news.google.com/rss/articles/CBMipgFBVV95cUxNTExhNDlaQTFzWm9UOEVaVHBVcF9JN2VyUVVPT3E2bWpuSmNYcXFDMXlEdS1XSmo3eUVCVFBRa2M0X2drTl9Da1dzM3o2ZFJvZzRvcC1IOHI0ZEVpS3R3d1N0czZYX2g4U2JYSkRKMFhXUUFjNTRBZW05eURRdW1MUWpmdXdXYU1iOTJqZ0tLUG8xWThBQUdVaHZHNmFyVnJXekctVklB?oc=5,Teen Dies of Heat-Related Illness While Attempting Day Hike Along Grand Canyon’s Most Popular Trail - People.com,Google News (People.com),2026-06-08T14:35:16+00:00,2026-06-09T12:42:13.458732+00:00,0,False,0.0,,none,False,none,,alerts,True
4a7bef2b1c14,https://news.google.com/rss/articles/CBMimwFBVV95cUxQT3dGczNFY0lGYnZlRm14YWFxb01SOGtaMEJTXzMtSWc1dDlUTUU1cHpaS3hlWEJvN3lzZTNMcWZaU3VodFhPUE1pQXpjUTdKVFA2LXQ5bXUybzlrNnl0TnBkOFNORnNnMXl3WkFGeGh5N2xjWHJydFVzVXRRS0xQT2pNblktTGs4VWVaenJHQkZZT1FOdE1BZXdsUQ?oc=5,Teenage hiker dies in Grand Canyon after collapsing from heat related illness - the-independent.com,Google News (the-independent.com),2026-06-08T16:30:00+00:00,2026-06-09T12:42:13.458810+00:00,0,False,0.0,,none,False,none,,alerts,True
12f377549855,https://news.google.com/rss/articles/CBMiwAFBVV95cUxOQW5YUVFoSlp6Y08yM0czbTNMZU9HRlYxSDFHTjVGT0VCVFFNN19CaFhvQ2huenFJTTJ2X0VvZ011ODJ2bnR4anlINEM2b3B5NlI0SFdpVTR1VnRuVHRRSW5vY0FUaW5xSzVHZDFkdUd6M1l5Y3pQUmMtdWRHTmxrN3BqUUN1UE1Wdkkyd3JEa3ZKdlhxSDBnMUl2SFNfVDNqSzY3c19Xcy1NY0l2dlFYUDZCRV9nMExWczdfaTI2MUQ?oc=5,18-year-old hiker dies after heat distress call on Grand Canyon trail - KNAU,Google News (KNAU),2026-06-08T15:27:00+00:00,2026-06-09T12:42:13.458862+00:00,0,False,0.0,,none,False,none,,alerts,True
a56bbd1d78a1,https://news.google.com/rss/articles/CBMipgFBVV95cUxONWhiR0dxWlVfT2dEdjRXeDU2VUdWSXJCeEV4SjFKYkl3LTVPMU5XTVI0RTBrZUx2VjNIWDhtSTFSX3NmR2hoSnZYUktnMllSYlQ0MXJTZjlqdF9JcUw1emxlMDdJc19uZTg4N2JmZmxOaVVncUwtUDVTX2E2X3pQUHBKMDU4SER6b1FucU8ybXI0QVBtQ0hwOW12MDd0N2FqQVphek9B0gG6AUFVX3lxTFA0dHNHelZlc2E0Y2oycUwzYUt3VlJEVDlZSTNMRm9KT0dZZzZjQUZ6TU1FX1hSWFQtbUV2dVE3VEs5RGNUZGgwWENyTXE0QVVlUXhHN3FDRmRucmFOQzNyd3NkenJ2TEJ6NmlMbUF4Y0x2Qi0xLWUwQW05cWkwSGdiMTFEWmtjdWU1OW5Wb0pySVZ5SU4ycktSUEhxUGJCd0RzVGdyRGw2MkhKcGNuWUMzdXhSUDBhRDVNZw?oc=5,Teen hiker dies from heat-related illness on Grand Canyon trail - MLive.com,Google News (MLive.com),2026-06-08T14:05:00+00:00,2026-06-09T12:42:13.458918+00:00,0,False,0.0,,none,False,none,,alerts,True
fc19e76f5f0e,https://news.google.com/rss/articles/CBMixAFBVV95cUxOX0k4Vl9XUC1FLTU0VEEyN1lNVlVfaGhrZHJQbFQ5eVBUWUw4UngzLW5KTzFXY3pSVkpSX0NzT0gzUGVjV2FMVXg5bXU1OWFtelVKU2FJUlptY0w2SlotV0o5eXl5TXhvY0xlcDNMU2R5ZThSLUlTR2haVVRwREF6RDBpSEpScUk4Zm1PSW8zVEZuRE5qa3hCcENvVTBRRXZFQXFaYVVPaGVYTG5QdnV4QTl1UHRfV2RKRVQwWjR5ZGIzQ3J2?oc=5,Mosquito-borne illnesses: Prevention urged - Imperial Valley Press Online,Google News (Imperial Valley Press Online),2026-06-10T07:00:00+00:00,2026-06-10T13:35:34.703535+00:00,6,False,0.1,,none,False,city,,alerts,True
6a13a3b05c2a,https://news.google.com/rss/articles/CBMi1wFBVV95cUxPWmxSZkNXS0RVbGNxcW16TzNlamx0Tk5PZHpRWnlXMWxTd0NhZVN3Z3ZBVU9MU05ueU5hWGVFX2JOZXRwNEE3b1FUcW5oX0pkb1RYS1RtdFVRUXltbHZKXzBwVnZYajhZRTlER0RnSENHczVlNWg2dW1tZEhYcklJODZOOXlzbldWWDQ5U1ZSXzRZWWs2SkhTYklBejd4VFExX281UnhmcGR2eVJvcVo5b2JuNV9fVE9qbTlmU3FleUNKcEJpNWV2bE1yYmVlYUc2TERDb1VHaw?oc=5,Emergency room visits during heat waves available to the public in 'near-real time' in LA County - MSN,Google News (MSN),2026-06-10T17:57:42+00:00,2026-06-11T14:03:28.280384+00:00,15,True,0.25,heat wave,hospitalization,False,none,,alerts,True
e8850e98d34c,https://news.google.com/rss/articles/CBMi9AJBVV95cUxObnBkaUptLWxfQW1jdWJqaE10SXdDcGlYV2tGdXhxTXFONnctbGhIWndWSHM1Y055WnZYeEZTSmZRUnlmLTN5SDNtcHZmS2hsTFJQOHVDdE8xRG80RGlGS1MxU2ZIeGh1MXdIZGJ3YkE3SEVVaDY4VDNIaFRxd2JGQjQ0am5VQ01HSEtTN0RRbVVkOHRDZEI0Y3JDVGJBV3dLazRkcmVDZ2xGYjFUNksxZzBXdFJaeWNmUjd4Xzd1cUNPQVBkZl9LSTBmdFJSYlk5ZXY0dENkc2xvSWJINXI0dGx5R0JtYUVteTVBMVhFczF4UDdOSGlibTFraHdDS1VXWmZHa2QzZ3JzVlVTeV8xRWF4bm40eEhqbnlxVklWQkdzZldPVFgxbHdVdExSSFduQ0ltZFlBRmJ0cF9MUnZDTHBTbjFMeTlfSms1Ty16aHJyakh3cFdvLTE0Ylc2c3FhMXcxSlh3Rkw4RnptaW5qQXczdXo?oc=5,Extreme heat warning issued for millions as temperatures soar to 114 degrees - MSN,Google News (MSN),2026-06-14T17:35:29+00:00,2026-06-15T15:50:12.987212+00:00,15,True,0.25,extreme heat,warning,False,none,,alerts,True
7001834ed7cb,https://news.google.com/rss/articles/CBMiygFBVV95cUxPUUkyY1NKb1llQzFiYWRMUHFUZlVSN2ZJS1BZSzh5eTdNUVBwcW90MDk1Y0pIQkVvTEF5SDJUUkpUdllBUlB1bVVoLW10Z3htbzdXcGM2M0Yyem9fbTdVM1g5LU5XVENYT0tscTd4cXJRdTRmak5qRzdkLWNLNjZtTE1leGZ0Ti1lb3ZlZFRqMDgtUVhEcHZlcmdVMUdBLTF6TDR5UWFHbWJ1OXdURlhnV3VCN0xpUE54dW5Pc1BncU1Vc1lnZUhhUGJB?oc=5,Mosquitoes in Imperial County test positive for viruses that causes serious illness - kyma.com,Google News (kyma.com),2026-06-19T16:47:12+00:00,2026-06-20T12:01:06.300243+00:00,6,False,0.1,,none,False,city,,alerts,True
534d965ab97e,https://news.google.com/rss/articles/CBMieEFVX3lxTFBaUENxeWQ4T1dUNGMyaHZCRGQ3ZjJCb0NZaFA3bHVJeVc4akFjaWl0Z0xycnE4OFB5d1FHTXhvU1BTN19MOUc1UHFnRmFUbTZfa1dxODFiWkJSVkNmaFVxUmxHZW9GXzlXNHBjaDdXUWdqSmtFbzgwTQ?oc=5,Extreme heat watch in place for Southern California for Wednesday and Thursday - San Luis Obispo Tribune,Google News (San Luis Obispo Tribune),2026-06-22T06:49:06+00:00,2026-06-22T15:26:08.498781+00:00,15,True,0.25,extreme heat,warning,False,none,,alerts,True
d5fd7500099f,https://news.google.com/rss/articles/CBMib0FVX3lxTFByR2hOd1hBeHUtOEh4ekNXUXVVb1IzT3ZJaHRsVks3V1RFa1gyWGpDZGJDZGlMeGNMa09XZjFzTEItMHJheE9oZ3FnMmpHNDMxZENTcXNtbWZsdmRmTHdWMGZ2SFcyQUhrak9oeDdZWQ?oc=5,Extreme heat watch in place for Southern California for Wednesday and Thursday - Sacramento Bee,Google News (Sacramento Bee),2026-06-22T06:49:06+00:00,2026-06-22T15:26:15.703291+00:00,15,True,0.25,extreme heat,warning,False,none,,alerts,True
153b39adc9b8,https://news.google.com/rss/articles/CBMib0FVX3lxTE5HTGZydUdjQ2cwTVZZMDhRTUxnWHNXblBkOGJocUtTbE9FUU1rMUN3VER0OW1XWHJyTEJ3N290TzJmX0xJanhEZXVCUlZWVTZIMlIxdzFMNFFzcnpsSFNYVFpiOTQtTzEyMFhKaGJEVQ?oc=5,Extreme heat watch in place for Southern California for Wednesday and Thursday - Modesto Bee,Google News (Modesto Bee),2026-06-22T06:49:06+00:00,2026-06-22T15:26:22.657024+00:00,15,True,0.25,extreme heat,warning,False,none,,alerts,True
4c5ac81bbb4a,https://news.google.com/rss/articles/CBMikgFBVV95cUxQNWhaY3VtWGRrZG05d2JfWlhuVklNRkFndnpvRWZBVVNHQkpiV19najZRSDltdmtzYXlfTGJYYVM0Qlh0WnI2NGpvZzdYeWtpa2lJZUQ4bk9VMHlWa083d3FRdTl0TGkxS3JQdktqUmNIOWRJRnhWUXYxX2NXYmNJTEdDVDh5RUljdGw0RUJtcjhkd9IBlwFBVV95cUxNUXZEQ05KS256aEtReHFiRjdJN3lkaDluX1p5cUE5Qm5QTlpPSGNGaThiQ0Y5TmpoaEV3QkVhUGR0RGpPNnpqakQ1MGZVVVJaMU1IcFNoYVdqM3hlZzRXci1GSDNsQnhGVVpTdEM1aXI0T1U0UVYxWmMyTEx1ZVpna3lLU05LSEZIRDN4YUtXcW1uY1lCZUxr?oc=5,Multiple hikers dead amid scorching Grand Canyon temperatures - Fox News,Google News (Fox News),2026-06-21T18:12:00+00:00,2026-06-22T15:26:25.312962+00:00,0,False,0.0,,none,False,none,,alerts,True
5310d7bbd916,https://news.google.com/rss/articles/CBMisAFBVV95cUxORzFBSjREX1hPRHBXM0l1b3hlMVNPUjRYOFhjU3Y5QlpEdl82bm96dWJEZk1GSGR5elBTU3BVd3ptOVBLWUsta1RwWGN2U0d5dmhWM09OSlpJT0ZnZnBSdmVsUm5DM1BQOUhkZGpRdERrWWNfUktNODdPRXpvem9wRUZXZVdGSWtlTUttYzFhOFZQaGJfVUQ0M0xYbUJqMFlQclo1QTRPVWR0TTB4QW1CWA?oc=5,"3 Hikers Die at Grand Canyon National Park, Where Temperatures Can Be Fatal in Shade - People.com",Google News (People.com),2026-06-22T00:21:22+00:00,2026-06-22T15:26:25.313019+00:00,3,False,0.05,,none,False,none,,alerts,True
e2b9cc7135da,https://news.google.com/rss/articles/CBMib0FVX3lxTFBWWWdSV1JGOHhKUVUtR1BUZEVpcE5mZkhQSWNzRGQtRUZTTnZ0d0dMU2ppYXZuaTVKVEQ3blVOYTcyak0wS3VqYkVoa28zREs5STRmaE9ZdW5WSVIzS1ZjV3R1NjZSbTl6ZndvR2NWVQ?oc=5,Extreme heat warning in place for Southern California for Wednesday and Thursday - Modesto Bee,Google News (Modesto Bee),2026-06-23T06:52:06+00:00,2026-06-23T12:37:40.514745+00:00,15,True,0.25,extreme heat,warning,False,none,,alerts,True
399bcd56b6eb,https://news.google.com/rss/articles/CBMi2AFBVV95cUxOcGdsaFotempmLXIzdndtZmh1TUVrTnIycC0zWXZMQmJ3RXM1d2NteDhHbThWU19nZU9vSFhOWkxWQzlCQXM3UTdIemFUcl8wbWJ5Y09KdVZNMXlVd2N3aE9zUm1OR1V1U29JSUJ5Qjk0bmt6OXlFMmNHaGhNMFdSYWExMS1UUHFjQ282U0laNGVxT0t2d1NEamtxNjdaUGk4TEFZRTdIQUhiOS1PTjFma0JqVTZ1VTB4Ml9ucTVxMlA3Rm5uckx0eFh2RWk2d0lFT2RqMU9sMGc?oc=5,Extreme Heat Watch Issued for Parts of Arizona and California as Temperatures Could Hit 115°F by Wednesday - Traveling Lifestyle,Google News (Traveling Lifestyle),2026-06-22T16:39:05+00:00,2026-06-23T12:37:45.353119+00:00,15,True,0.25,extreme heat,warning,False,none,,alerts,True
6c27131e26ad,https://news.google.com/rss/articles/CBMieEFVX3lxTE9Jam1fNGJUVGhsTVZhX2pwQnRTdWtHdi1oX3AyLVBmdzV4em1penRRSjRFdTQ2czV1bFFRWDBIdnc4dzRqbXE2VXBPb3RXWTBoNzd5S3g1b1g2S3Z6X0NrVlo5dlA5dmpJMHgtOGdhcXVZWHNQTkJqdQ?oc=5,UPDATE: Extreme heat warning in place for Southern California for Wednesday and Thursday - San Luis Obispo Tribune,Google News (San Luis Obispo Tribune),2026-06-23T19:27:08+00:00,2026-06-24T12:22:13.574217+00:00,15,True,0.25,extreme heat,warning,False,none,,alerts,True
7b302b7e6ab2,https://news.google.com/rss/articles/CBMi0gFBVV95cUxPTjJfSGtJNDhpa3VRbXQtZWdSR1FhbVlSUEszSFJPandTYlpOREIwVkdpLTh0cmNwT1NFNkVsRVBCZzRVSHdkSERld1ZsR1dycEpmME1WMkxncm4xT0ZIeFNhTG9LZjQyZ2RKWGRJa2tCTktndm9ZSlVDUEZGZUE4cXIwWVpUeUgxQXIwZGV3UHZzc21BZzB5Ukk1M2RhSlFvYy1pc3ZSb1N3S0tZQzdUZWtUMkxKVEdZMTJFd1FyU3VNTms0MnZFdzBQQ1hEMHExNlE?oc=5,FIRST ALERT ACTION DAY: Tracking Extreme Heat Warnings across the Desert Southwest - kyma.com,Google News (kyma.com),2026-06-25T03:18:32+00:00,2026-06-25T12:26:02.852677+00:00,15,True,0.25,extreme heat,warning,False,none,,alerts,True
e0086319bd12,https://news.google.com/rss/articles/CBMi3AFBVV95cUxPYXZDNHpmQjFRdnJ5SzNmeTlyd3NnaWFHeVBBVHRsb3gyUUlpUWxSdFU1RERDd1ctS252N0ZkUFdFN3lPc0w4bWVYMEpWSENFckx0dmFzZnE4Zzc0SWNUUHRZbVlwWUNRVHZuT0dKQWg3RDUwSUF2T3R1ODBMN1lDa1JYT3hERmRPVnlvWG9heGdhRTc4TUVjQV8za1FPZDgySGZOUG9tTnFxT0FYWW52eldha1NzdEZ0RC10QkZialFyMWhNRWYza0dKd3EtUnJNYm5TbWcxVHl1SWlk?oc=5,FIRST ALERT ACTION DAY: Tracking extreme heat sticking around; slight cooldown this weekend - kyma.com,Google News (kyma.com),2026-06-26T02:38:45+00:00,2026-06-26T12:15:06.476298+00:00,15,True,0.25,extreme heat,illness,False,none,,alerts,True
774eefb2ab4b,https://news.google.com/rss/articles/CBMic0FVX3lxTE9QWTVVRF9PU1RyYkp1blVRcmV4WVNwazg2dzhQVjYyRlRGUV9mOXFfZDdkbloxN2JoOThLZ1ZVNEdLSnBnSl9uWkFuV0VNb004ZUpocC0zMGE5aDlCdFZ4NHNsb3Bwdk16MjFoRWs2YTRvbUU?oc=5,"Extreme heat watch for Southern California from Tuesday to Thursday, says the NWS - Fresno Bee",Google News (Fresno Bee),2026-07-04T06:53:03+00:00,2026-07-04T11:37:14.711108+00:00,15,True,0.25,extreme heat,warning,False,none,,alerts,True
7a9702ca112f,https://news.google.com/rss/articles/CBMieEFVX3lxTE1CbzVEYW1UTTlVeHFxem1SNkx4QTk2SGEtNlcwSWM4Zk90Y0pZMWtWeTJQN1pKTHRjTjBXOEZ0Um5SRF9zT0ZtYXVVZEo3SXBfREg0bHN3bFV1WWNFQnFkX2gxT3A2MGtRNlhRLThXTm9TSzV2bXFxYw?oc=5,"Extreme heat watch for Southern California from Tuesday to Thursday, says the NWS - Merced Sun-Star",Google News (Merced Sun-Star),2026-07-04T06:53:03+00:00,2026-07-04T11:37:28.707557+00:00,15,True,0.25,extreme heat,warning,False,none,,alerts,True
3a7b00fd9c48,https://news.google.com/rss/articles/CBMib0FVX3lxTFBwVWdTZ3BIMTFHSElfQVJPVXpyLTNQTzg2VzdGM2FJeUlrcm5WZXZKZXhlZnVMR3k5Sm1SNVVwNm1sSkdoVGo0Ujg4UlFTTzJSU1JJVDVFOGU5aXNCam0zYUF1ZWhmdXVsdmRKTEVudw?oc=5,UPDATE: Extreme heat watch for Southern California from Tuesday to Thursday - Sacramento Bee,Google News (Sacramento Bee),2026-07-05T07:32:01+00:00,2026-07-05T11:37:56.576063+00:00,15,True,0.25,extreme heat,warning,False,none,,alerts,True
1b06000ffaeb,https://news.google.com/rss/articles/CBMib0FVX3lxTE9BdHJPV3lZODFveE4tZXVBMGJ5bUNkTkkyb2NPWFd2Q1VhaUt4RlB2YUJ3LWl5dDRDSGFKOG4zR3FtaUNNa05JX1AzcktQd1E0SlVYTzl2WGYtMGVfWU03Unl1aU5WMVFQcjd3aVlHcw?oc=5,UPDATE: Extreme heat warning affecting Southern California from Tuesday to Thursday - Modesto Bee,Google News (Modesto Bee),2026-07-06T07:28:02+00:00,2026-07-06T13:52:07.099938+00:00,15,True,0.25,extreme heat,warning,False,none,,alerts,True
97ce8d1f8eae,https://news.google.com/rss/articles/CBMickFVX3lxTE1MRWwwNzlDUW9rbmFIazZDRWRLb2lqREc0bVE1SmsySWd4bGl6YldkdmlxUUdTdVBubHJtcEg0TFM5YmkxNzVXRHJOLW9LSDZ5YnUzQ2hpVmU4S0dHVFBjNVJ3SkFrQ20ySVUwMW5tTi14Zw?oc=5,National Weather Service Issues Extreme Heat Warning for Southwest Counties - Akses.co.id,Google News (Akses.co.id),2026-07-06T17:07:00+00:00,2026-07-07T12:29:56.391681+00:00,15,True,0.25,extreme heat,warning,False,none,,alerts,True
7c273b6ba0c1,https://news.google.com/rss/articles/CBMisgFBVV95cUxOZmw4Si1JUVFVbHZvNXN5ZGNDelRpWXR3X3YwRlI4VGVKcVNaam5HN21pTzh2M3BoSU85dHVsVEJQUWNSUnZ5VFFwYkcwcGtoYXJUTzJFbUdQcGJ4amJaNkRlXzN2dnctcURZLWVkOHAtYjRmb3ExbV9paVY5TWZxeFo1NW9XNWVDR3U3QTI3UzZmR3BiN2VBR3ktUVJLTFl2cXBJUW9rY2Ywa2Z4LXFWa3Bn?oc=5,IID urges residents to prepare ahead of summer monsoon storm season - KESQ,Google News (KESQ),2026-07-07T04:56:10+00:00,2026-07-07T12:30:10.500272+00:00,0,False,0.0,,none,False,none,,alerts,True
0275e4a480ea,https://news.google.com/rss/articles/CBMikwFBVV95cUxNeERJMkstTWZVWmlEUGJIeTZqYUdaWG1xOENpNVRpZ1RuZXFNQ1dzUU12V1ZYYzFwRmZhNHhWb3RvSjBhblFaQUZjM0Z2WXdwNm5JbW1Ma3dKalU3X0tDajdYMUNValBLZzZJU3NBeFZjQVlZSF9lZURlaTlSU1lENXVfelhBR3ZZZ2NkeFhBZ0NCVU0?oc=5,Tracking extreme heat moving in this week - kyma.com,Google News (kyma.com),2026-07-06T22:49:44+00:00,2026-07-07T12:30:10.500326+00:00,15,True,0.25,extreme heat,illness,False,none,,alerts,True
9e694b093462,https://news.google.com/rss/articles/CBMivgFBVV95cUxPUHRSenBVMmhwdkxxS0FxbjQ4ZzUxWmVPdFl0ZjRWck5qSndHVWtRaENXRjFtdTVoSUwtdTh1Nm1aUG42LWRkdlJ0NkdJUkpYWHZSUlJnaVBhOWo2aEJIMTQ5MHpLaEpVOE5GZHBIdm5IRWd5MnZCQi1vNW5WX1JOaElIb0xyX0toTWQyRm5MM3piWjNjV0d5aVl4THQ0SGZPbWVGWUVYMkRGdGFzVFlPV3BleVZ6Z0lOQ2xFc1Rn?oc=5,FIRST ALERT ACTION DAY: Tracking extreme and dangerous heat through Thursday - kyma.com,Google News (kyma.com),2026-07-07T22:42:01+00:00,2026-07-08T11:49:29.719768+00:00,15,True,0.25,dangerous heat,illness,False,none,,alerts,True
2d6bcddd2419,https://news.google.com/rss/articles/CBMib0FVX3lxTFBNZlJEMGRUSDNyZnUxMjRWTkFrMGwwTGpSSTk0VjZyQmh6c293WG5id19PN1dPX3l3aTNQWWh1VEhQb292MFQydHlVWjJkeFZQel9Jb2YzeXZGdy00RGo5NnJpdjNhZjMxLWVTNjhxbw?oc=5,Extreme heat warning affecting Southern California until Friday evening - Modesto Bee,Google News (Modesto Bee),2026-07-10T06:49:05+00:00,2026-07-10T12:28:16.744696+00:00,15,True,0.25,extreme heat,warning,False,none,,alerts,True
c5c68e852698,https://news.google.com/rss/articles/CBMic0FVX3lxTE9OUWpWb0VtUlFCMFRUdFk4VzVrUDJQNE5ERlVzamswN0ZIYjRfbXpHTTZ2UW1jVVltaDNCMklqTDF5VkVrS1BWV1lrejVldjFON3d0eThuVjhON2IzakNNekhxTUk0QmstX01sRnp2YnI4NnM?oc=5,Extreme heat warning affecting Southern California until Friday evening - Fresno Bee,Google News (Fresno Bee),2026-07-10T06:49:05+00:00,2026-07-10T12:28:23.882610+00:00,15,True,0.25,extreme heat,warning,False,none,,alerts,True
0af29eaf5187,https://news.google.com/rss/articles/CBMi3wFBVV95cUxNV25PY05xblhfdy15Q1B2ajhaZWNKTjlQaU9PVEE2N2hGTWEzQlVfTURGZU1XcXItN3UzNjNRZktnbG1SdGZGUVZEWThCdXQzbm5mWk4yLXFJTkNlY1oxT0VDSmJGN1pUZl9lSGZQcFpxc2ZCT2J3RnlxU29FdzRLN0JJOHVoaWNqekMtSnJaQlUzVEhJNEV2TWI2TXdVaFljRzBWYUZVS1ZicEpTeXE4cVEycDBWdm9wbk9aMnBSMHVsdHdDRFRSaklJc1Q3U0NtQVJxM2dtQnFMNDBSbkJz?oc=5,Extreme heat warning affecting Riverside County until Friday evening – temperatures to reach 115 degrees - pressenterprise.com,Google News (pressenterprise.com),2026-07-10T09:13:16+00:00,2026-07-11T11:10:05.607824+00:00,15,True,0.25,extreme heat,warning,False,none,,alerts,True
f5917c102d12,https://news.google.com/rss/articles/CBMi0gFBVV95cUxPaEZ6RUFXU3lQUmRqSG1xbU9xNzR6bDFWNWZ5TVlpUlg3bEhRQ0JVWVBsMnA1NERLTlhabFdLaDJHSlVJeGw2QTNMNFl5bms2VzZCZ29NVUZFU3paYlRiT3VXWDF4bmluM0paNG95Yjgxb1R5MkxjT2ZwdTdPZnMxaHVxMjhVMGp2MmZDUzhpSnB4OHJPcmxHZEk0cWJJNTFwdkNweGgxRW4wTjF4dFFJaW9lU3ZOSlFRNllZcVRlWF9rZFVydEtCS3FBcEc4U0x1Z1E?oc=5,FIRST ALERT ACTION DAY: More heat until 8 pm tonight. Tracking changes ahead for the weekend - kyma.com,Google News (kyma.com),2026-07-11T10:29:07+00:00,2026-07-11T11:10:05.607967+00:00,0,False,0.0,,none,False,none,,alerts,True
4138cb0553f6,https://news.google.com/rss/articles/CBMib0FVX3lxTFA2ZkdHYl83d3JDZXBpYTcxQ05PN3dOeS0yeHV3eF85VGRTazhVd3FsMG9DRXZBbmpYZmN3eGhyMURtSHBSZmxQcm83SmtEVnNMQTlDbEtFYmJtLXBTZ2V4YmozbF9Obmp2X2pWazV3SQ?oc=5,Southern California placed under an extreme heat warning from Tuesday to Thursday - Modesto Bee,Google News (Modesto Bee),2026-07-14T07:00:04+00:00,2026-07-14T11:35:29.124615+00:00,15,True,0.25,extreme heat,warning,False,none,,alerts,True
fcd61cd25b95,https://news.google.com/rss/articles/CBMi7AFBVV95cUxPOUlpQy11akI4eHpfZHlOUUVrWWliMTRCRU43bExIT0Q3QU9SWE5sMDNvWTRhMElBcUw3LTIxVTRQQnVoOEZCYi1KSkJzSXo2WHpNeVNXSzBRTUNVeWZHVWtIbXlHbzR4VE9lRDdkRDliM1c2ZDBDR01VTXBzdGJ4YmxCNVF6WmIyXzQ1UEU4aVR0MXZNZFEtR0c2SDhqdzJ1SGR4RmVnTW5nVEhOQ0pXLVNtTFlvYjMwY3hNcmhmdkphSGFsT0Y5MDNJUHhnMUFfcktZZWNMQnNrTmNpd1IyMl9rR3EtMDBxTk9fSg?oc=5,Extreme heat warning issued for Riverside County from Tuesday to Thursday – temperatures as high as 116 degrees - Redlands Daily Facts,Google News (Redlands Daily Facts),2026-07-14T07:19:42+00:00,2026-07-14T11:35:43.119796+00:00,15,True,0.25,extreme heat,warning,False,none,,alerts,True
a38ee1104ffd,https://news.google.com/rss/articles/CBMipgFBVV95cUxNWGQzZUZZTnFOb3J1MnVZVnVGcUNFc0RFc3AzQ0NsSGZIRERCcUJyOFlOVHltNGwwc2cxTGtFUFRVcWhEV1l6Zl9acktFQlh3U3BGcEFuTml2c2x2S1BIVFd2YmdyWUF1T1BIS3FqSE9PeWJHRXpoaV9Nejc1OVE0N3BGN3lsLVlGR3kwMW1HcWM5MG1JR1BvQ3NmTUU3cHE2R1NDWDdn?oc=5,FIRST ALERT ACTION DAY: Tracking extreme heat and humidity - kyma.com,Google News (kyma.com),2026-07-14T22:46:38+00:00,2026-07-15T11:38:16.480319+00:00,15,True,0.25,extreme heat,illness,False,none,,alerts,True
0611591cc4b1,https://news.google.com/rss/articles/CBMiwwFBVV95cUxNcGFQWFRYbjdobTRwQnpTNlBfel80MEZIMWt3algwcWloVld6bXZBUXdXTzVLSThHTnhPYXdaamotZFhzaEprY3VjZnBUbklOWlpCUXR3YWxhOWZyajlsM0o1RlVuVVNJd1VudnluZzhERzlReXNWa0Y5V1JlcWZ3dTZJLVpFYW82WVJ6YUJIUmgxdmZMRkpIdThPUUdoRGFnUjQ1c1lBNm0tVHA1NnhMcEtPakNXeXBKaFNvNkNoMVdJYWs?oc=5,"Unhoused Californians Face 38% Higher ER Risk for Heat Illness, Yet Are Nearly Invisible in the Data - Public Health Institute",Google News (Public Health Institute),2026-07-15T15:12:01+00:00,2026-07-16T11:43:29.100871+00:00,30,True,0.5,heat illness,illness,False,none,,alerts,True
23663e8d698f,https://news.google.com/rss/articles/CBMiqAFBVV95cUxNa1BYVHdPMHBmYlVDTG5MWXVmWUVuT3A3aVJ1TVhna2JKRU1SOTNVbzdIczd2UlU4NmVpQnJjRmx4R2JJWW5yZzJLcVlGZ0o5MjRjWG9NWDVWNTdwVTFVVHJhRXJsckRXUXdFNTZoYnJhbnhVdWJrc3VxeG9yazZVSWNVR0g3aEJ3RFFxN0h6ZFBIcUdlQ3p3bUNPMjFkRnRkQVFoV3NCYzA?oc=5,Imperial County Superior Court dismisses data center lawsuit - KESQ,Google News (KESQ),2026-07-17T06:23:01+00:00,2026-07-17T11:24:36.905312+00:00,6,False,0.1,,none,False,city,,alerts,True
282db93833b1,https://news.google.com/rss/articles/CBMic0FVX3lxTE5ZOG03TVVGcGVnVGw3eElmY0hPcEZNdlNRdkx3SElFU1Y5YXA1MEZJZG5PVGpfd2tjTXhGVjNYUlFISHh3dWxNdTVMcGNHZ1lBczdROXp3VmVUUVItNUt6RHVnTzRlTjg1a3llR240WTA0THM?oc=5,"Extreme heat watch for Southern California from Wednesday to Monday, says the NWS - Fresno Bee",Google News (Fresno Bee),2026-07-20T19:18:16+00:00,2026-07-21T11:50:08.080862+00:00,15,True,0.25,extreme heat,warning,False,none,,alerts,True
94e40e56e93f,https://news.google.com/rss/articles/CBMisAFBVV95cUxOeHNESGlvdWZBdXh6M1RicjkzSVJZdjdNRFA3TVVJQjJXcU9Jd01uNTRlUEpvU3hpdXN3bm4xc3lKU3JaTGkzZFNnOGpRbVNUdXBTbnVCYkRLdzUxNXBaV0lVenpPZFdvXzBEamVfZ3p6NWttb1RGR05maTFNaExCZjFocGs1ZHBKcWhIM0RHVmFnNnNweWprelp2ZkZOZjVMTmowV241ZjJQMm1IbDJPRg?oc=5,Extreme heat watch for Riverside County from Wednesday to Monday - Redlands Daily Facts,Google News (Redlands Daily Facts),2026-07-20T19:15:02+00:00,2026-07-21T11:50:15.188962+00:00,15,True,0.25,extreme heat,warning,False,none,,alerts,True
25d688d87217,https://news.google.com/rss/articles/CBMib0FVX3lxTE1fNHRfaXJFc3B1YXY3MmRteUpSWHZUczY2MHZyT2NKaDZBODY5VzB5a0NhUXRka2x6am1EcW5ZZjAtUEdEZ1VRVlBwRmxWVURIRnR4dUowX2ZMMnk0Zi12dHl0Tk1kdlFkNUZjQWtZbw?oc=5,UPDATE: Extreme heat warning affecting Southern California until Monday evening - Sacramento Bee,Google News (Sacramento Bee),2026-07-22T07:37:06+00:00,2026-07-22T11:50:42.045444+00:00,15,True,0.25,extreme heat,warning,False,none,,alerts,True
5a0b63246ee1,https://news.google.com/rss/articles/CBMihgJBVV95cUxOLWZZaVVtUzZid0ZnLVVXWTJtdUZCVHBKbUZrUV9sRHBWazctMzlXM25ZcFdnOXd4XzNZbngwdWhCa2xSZEJJSWlaNy1XbmYwYWU5ZlgtMWtiVWZBUHJTSmJUSUFWYzlxRFQ3VE5nQ291V25EYU8wT01TRjdVRXJtbUs3c18xcWkzSjB6OFZPa204ZzJoYnAzX2xQWXpQYUVhMHBkdkV5N1pBRXFDTEhFQjUxcTFHSTJXalNOYzJPdG1Ga3F4STZ5TnVralR3VVRyMDc5cnhHbFI3Q0NqN0g1bFdYRGpHNGF1NXB1dkpwM21wUEQtZU1jS3J0X0xnRUhaaWh5TTRR?oc=5,Imperial Valley braces for triple-digit heat wave as energy officials issue conserve alert - Imperial Valley Press Online,Google News (Imperial Valley Press Online),2026-07-22T07:00:00+00:00,2026-07-22T11:50:42.045544+00:00,21,True,0.35,heat wave,illness,False,city,,alerts,True
12c47363ab17,https://news.google.com/rss/articles/CBMieEFVX3lxTE5wUUFhUkVpV1piYmxIUEVHQU5fTWxNb0NhckFyZVdvaFY1TWdNZXIzQVNMZVhWWF9QdVFRQmpjdU5aSkRwSk9nQTFGSDJ4ekJoVVB4cDMwM2ppWWpaUnB2dTlDM0MtZmd0YmdPbU1zSldpN2wwOS02cA?oc=5,UPDATE: Extreme heat warning affecting Southern California from Wednesday to Monday - San Luis Obispo Tribune,Google News (San Luis Obispo Tribune),2026-07-21T19:22:08+00:00,2026-07-22T11:50:55.941586+00:00,15,True,0.25,extreme heat,warning,False,none,,alerts,True
7eef5a1cd963,https://news.google.com/rss/articles/CBMilwFBVV95cUxOLV9KN1lBb1NmeUNuYVN2c2dza3RMM0RoNXJLVWNJc2VDQXhWY21kRGFVeGdWSG1tNHFqdWRNNnR0cG1OZlhiZ1FDWGMtNDJhWjUtbjZVVzJpZ1hhYlQwdzM5b25vWllCMWhMTk53S0VnTHFrRjVtZDlGNHBwN2tLbmI5UHVfYlI3Q2lrSURiaTl0bGRINVU4?oc=5,Tips for dealing with California's big heat wave - Big News Network.com,Google News (Big News Network.com),2026-07-21T23:56:00+00:00,2026-07-22T11:50:58.399106+00:00,15,True,0.25,heat wave,illness,False,none,,alerts,True
3c0d480c1c8c,https://news.google.com/rss/articles/CBMiwgFBVV95cUxPcDVwcEFOd0xkOFlRWng1bXFMQWNyV2Fxck1YakJUVjFMRjZMVUFXbkQtcmxRVmlzc1NseGV5eVlZMW1pYXk3MVotWG40dU9CVHVaWjVhNE5SWG5aaldndUx5Q18zQzdPNEdiT0JfUDRWSlJpYkVMYnJGelBZSldNaFU4VmtxZUxPUjI3ZHlfdzFpRkdtR3dGNm4zYVFOdW5PcndHcDkwOUJISTUtT2NoX2kzZEY1OVdVR053eDZtZUNvdw?oc=5,First responders warn of heat danger as county enters Extreme Heat Warning - kyma.com,Google News (kyma.com),2026-07-22T23:58:48+00:00,2026-07-23T11:53:20.587369+00:00,15,True,0.25,extreme heat,warning,False,none,,alerts,True
db4b392c4c70,https://news.google.com/rss/articles/CBMic0FVX3lxTE9fRkpTWHJsSG1sQTEzNkMzU0l0N1JPS3kwMkNpTUJtT19qTElBLVpyOVVnLTJpQzJfSV8wZGRZdzR0NDAwNEFxN2FTWktmNG01MkZmNll0Tmc2amRfQ1ltd29KaGRmd3c2X05kUXpUTDJ2c1E?oc=5,UPDATE: Extreme heat warning for Desert Region until Monday evening - Fresno Bee,Google News (Fresno Bee),2026-07-23T23:11:07+00:00,2026-07-24T11:44:30.667302+00:00,15,True,0.25,extreme heat,warning,False,none,,alerts,True
c9eeb9ca7aaa,https://news.google.com/rss/articles/CBMi2gFBVV95cUxOUEdWdVIweDJHSjlKNjh0MHg3c1hDNmhvVEp6OW1JejBWbGR6aExYRzZxRFAzbWlLZVRoV3lmLXpqWDZicFZPMy1OZ0o0UnNydEVaVjFNTXRnVGpWSmJFNDBvTDlpTzNfT1BCZGZ3YnZMR2lDdlExbmVfazBSUnU1UXdadHVRb29qSGxCWlp0eXQ1cGcxTWU3S3RzTGdIdWhHbUlrenZJNndIcG40cjM0X2p2ZWtqbTRuOHBjVEliajFCRGV0VlAzVzRUZ283TW9sb09zb2hRWUJyZw?oc=5,FIRST ALERT ACTION DAY: Tracking extreme heat through Monday with hotter temperatures still ahead - kyma.com,Google News (kyma.com),2026-07-24T04:38:57+00:00,2026-07-24T11:44:44.775132+00:00,15,True,0.25,extreme heat,illness,False,none,,alerts,True
81246ea17805,https://news.google.com/rss/articles/CBMijgFBVV95cUxQNXhUZ3JHLVRWbkJ1X2ttSVJTQ243OHRaRm5RNUVZQUJ1RUhoTHI1SFF6aXVWUFdCRElUdlUyeU9pbEhXMEl4dUdmb2x6MXQ2ckdhdUJ0MWQxWC0wdmVCekp4TnAxSzM2Q0daOWF4Wlc5amNnWWVNSW0tcjhyUDVMQXlGZ0RoT3M3aWU3cjJn?oc=5,Tips for dealing with California’s big heat wave - el-observador.com,Google News (el-observador.com),2026-07-24T17:10:42+00:00,2026-07-25T11:15:25.704947+00:00,15,True,0.25,heat wave,illness,False,none,,alerts,True
6a5481836f66,https://news.google.com/rss/articles/CBMiqAFBVV95cUxNUTJmbjhQbFpMVXd5SXdRZGxNWDdPV3ZEYXE1VDd0Y3ZGZWpWZzZueHJOVG5pRGFnMDVkdXIyS2V0czhlQXRnRk8wTmdaMHdzdTJJOWw3a0FyUWUwWGt5V3JCMzVOV01XQTU3cnJWWHgtc290dnhBak96YUpZVU1hZEY1ZkRyeC0xX2dmUmxKQ1VYOENnYVlaQmtTYVJBd3NYZUJJdDVWYVk?oc=5,Extreme heat warnings issued across US: See which states are most at risk - Geo News,Google News (Geo News),2026-07-25T15:19:00+00:00,2026-07-26T11:23:01.298689+00:00,15,True,0.25,extreme heat,warning,False,none,,alerts,True
3474a2dcaf44,https://news.google.com/rss/articles/CBMieEFVX3lxTE5PLVZGLVJoTjlydEFTSXpKbzQwb3k3azRMVndPd2taSTlwQlZzejRXdFNtREZDSWJWYjI5UWVhRXlvMzZ1VjZLQlRISkRMd3U5MjctYzNGd0U3WTM3dFo1WDF5SERNclQtMjhRV2ExUmNyU0N2WkVsQw?oc=5,UPDATE: Extreme heat warning affecting Southern California from Thursday to Sunday - San Luis Obispo Tribune,Google News (San Luis Obispo Tribune),2026-07-28T06:27:06+00:00,2026-07-28T11:59:51.086106+00:00,15,True,0.25,extreme heat,warning,False,none,,alerts,True
866f65747a0d,https://news.google.com/rss/articles/CBMic0FVX3lxTE05VlVzV0M3Tkd2aEVidHdvVVBELTVrSWdYQko3SDB0NFJ2RmVJTHJ4YlBDSGVENlpGWFB5TVZ2T3R1bFlNTkdXa1ZyYW5hUEZGNGVKTUpoQTNEdThwR21CUUduRERBOERNaHJfSmdrNGVEcWc?oc=5,UPDATE: Extreme heat warning affecting Southern California from Thursday to Sunday - Fresno Bee,Google News (Fresno Bee),2026-07-28T06:27:06+00:00,2026-07-28T11:59:53.496486+00:00,15,True,0.25,extreme heat,warning,False,none,,alerts,True
ffc9e53a224b,https://news.google.com/rss/articles/CBMib0FVX3lxTE1DeW4zS19XZ2JrMFZWQkh5MUlWNWNHZjJqZE9hdGJhcHNLckd2RTN3Z0txS2o4TUllX3dqWE9WZU5uSEFCRGFxekhHUGRjLW5wWjhhRjlxcmxJYVNURlAwbWZJV3hFY0dQWUc0MXk4Yw?oc=5,UPDATE: Extreme heat warning previously issued for Southern California will expire at 8 p.m. - Sacramento Bee,Google News (Sacramento Bee),2026-07-28T03:06:08+00:00,2026-07-28T12:00:05.089710+00:00,15,True,0.25,extreme heat,warning,False,none,,alerts,True
618cf565984c,https://news.google.com/rss/articles/CBMitwFBVV95cUxNMnhDS0R3UE9BN3BSQlFFel9xN3MtdS1kR3o2cUxROElhejFlUVo2ME1zTS1JNnE5RG1NMFRfeTYzVC1uYU92eXg0czlYcnh1cTYwanVNV0xjY3JhcTZGSTI5My1zN1NQVjFVMkN2QnRjMHV3c0tUbkNqdERmaGVGSlFaZ0d0Q1ZQTW8xSWc0OW1PY1BwR3BKWE9qV0pyUjluYndHUlR0dUJGODBVUEIxMm5SbWtUMkE?oc=5,Update: Extreme heat warning for Riverside County from Thursday to Sunday - pressenterprise.com,Google News (pressenterprise.com),2026-07-28T06:38:14+00:00,2026-07-28T12:00:05.089776+00:00,15,True,0.25,extreme heat,warning,False,none,,alerts,True
bc5b5daef683,https://news.google.com/rss/articles/CBMi8gFBVV95cUxOT1pXVkhwV3hCY1BwLTVpOFJmNG1zYlhWSXc0d0plN0xiNFNDRzhya3ZOZVpmdzN4MDJvVEJtcEhOaXJ6cVRhdk9qQXJwNVRhMl9FcTI3Qm5NWUp5eEhOVHlpcktJZ2RpSEczbnJDUnpxQlJjTWpkWVowdnA4aUJYME1odHF4d1FRVnpaRVM4a1B5c3Zqd1MzeGdyZElnd2xpS2ZxYVhDNFJpcF9nTHNVTlU1QmR3NW5ZZ2ljY0NiYkpvUmgxaElGWmxKX1hIUmJaUnhUQmRsemtaM1QxM0p3MHZYQnV3Q3pSWXRXWlBMUnBxQQ?oc=5,Grassroots coalition mobilizes emergency heat relief across Imperial Valley - Imperial Valley Press Online,Google News (Imperial Valley Press Online),2026-07-29T07:00:00+00:00,2026-07-29T12:04:11.212846+00:00,6,False,0.1,,none,False,city,,alerts,True
2948bbcff6c1,https://news.google.com/rss/articles/CBMi3AFBVV95cUxOT1JKNDVtekI0eDdYblJqNFFDazBVRXdtMHd3RjdWS21MT2Y0YlRBcGhJejFtdWRCcm9VbENUZzVmVXMtWmpvckl6elR3bWJFTmNubkVHZFVhNU9LaU4xVWF6eTFGS204NjJkbk0zRGpsb1ZMOHlaQ1d5Tk03OVJtbjdXT05wSUFpdVUxZ3BpOTFNMGJRWUY3US05RGI4Rm0wS1pLWGc3bXVOX0VoZDQxSHc2MjQxNTEwRVRIUzhXTXJUUzRWRVZ0a2NkaFVDVUFhaVg0clhPeGg5Ymh6?oc=5,IV POWER coalition launches Emergency Heat Response - The Desert Review,Google News (The Desert Review),2026-07-28T17:13:00+00:00,2026-07-29T12:04:15.914872+00:00,0,False,0.0,,none,False,none,,alerts,True
e2668931bd5f,https://news.google.com/rss/articles/CBMixAFBVV95cUxNLTByWTBZd09UZ2VDeTd5QlBDWGZ6eVZkX2xLMDRMaEwxNktiTFF5ejlvUmZCLUlRV0hPZDR1QVZOSW9zcTFlaHR1TGJDZWN6UU0zZ3RNWjZiU2pKYVdESlJuaE8tdHUwTV82U3ZsT1hoTnJDUlV4akRvNm1vZmZ4Yjc0UXo4b0xhTmItTEFhNXZISnNVdzFpT3I1MHNpTTJrb0xjVU1HY2pvLXNVZERIbDdhNlAzY1BielMxM3VDMWFpcVdJ?oc=5,Local UPS drivers to get A/C trucks - The Desert Review,Google News (The Desert Review),2026-07-29T15:00:00+00:00,2026-07-30T11:55:05.554447+00:00,0,False,0.0,,none,False,none,,alerts,True
c07aaf7511fe,https://news.google.com/rss/articles/CBMi8AFBVV95cUxOQnhmc2w1b1ZFanRBRlhZWEF2SlhOUjg1OTVNTHpjZlZxNEhQMUtjallyYkVPRVhyU3kyeEkxc1ExOUtNV0k3X3lyVTdfUmtZZXhOUS1hQnlaOEZvRmZGandVbW9qOXNUYmpUQkx5SjAzcFFTZmFWUFV2V3BaRHVJdlVwY3BaSWkwVllNY2xGeDJOMWpvbldmR0MwZkxXNXV6RWplUlhYLWpNOEVGNWpHVTRoRFVGS0VfcFdDeVVDa2o2bFRnTXNneHdQR2VWSW5OWm9sbzV2ZzAwMkxCUkVGTDdWZGI4LXJFT3Q3dmw1YW8?oc=5,Imperial County judge hears arguments over a data center lawsuit filed by the City of Imperial and the Sierra Club - KESQ,Google News (KESQ),2026-07-30T05:42:35+00:00,2026-07-30T11:55:12.681916+00:00,6,False,0.1,,none,False,city,,alerts,True
adc04f787e31,https://news.google.com/rss/articles/CBMingFBVV95cUxQM0VrOHQza01IdUxIVTFrejBoWjh5cVNHczZhYk1XRDNyYWpEOVVyOEgzbHZzdkFabGsyUWNjcTM2N2RsMXVaNGZNcE91eThTU0E1T190WTJ0blFfVXdFZGFGYW55em5ndlpNS2RlLU1Xa0gzcU5YdERyTlJkZ1JVVnFWWERFOUphblpMX2NMUkdPZXg3SzFGdm5uSGZGZw?oc=5,Farm Crews in the Imperial and Yuma Valleys Face Extreme Heat Through Sunday - Medical Daily,Google News (Medical Daily),2026-07-30T13:00:06+00:00,2026-07-31T12:03:50.591961+00:00,18,True,0.3,extreme heat,illness,False,city,,alerts,True
63896a03a29b,https://news.google.com/rss/articles/CBMiwwFBVV95cUxQYkx4ZjhjVS0wcy0wUlVsNklOU01oVGlDYllaTFc2bkRSSWF3Q21HVkxIc1BsVm53NUxqTVlLRVh5Ync4NUVnZS01N3NxVUY5WEhoeE14SUw0MFZtSzd4NmtIajNRUEtoQTJreGhDVXl5VGJOTkpIYl8wTjdkdmlNVzBtbmw4aWoweGpjcVB4ai1OemJBeW5hcUktZ05fNXlkS2VRaGFZR1lKLURHNHBKeXZUVjkyT2FHZ3dmakVlWmh5aFE?oc=5,THE MEX FACTOR: Surviving the Solstice - Imperial Valley Press Online,Google News (Imperial Valley Press Online),2026-07-31T07:00:00+00:00,2026-07-31T12:03:50.592151+00:00,6,False,0.1,,none,False,city,,alerts,True
da86d30f36a1,https://news.google.com/rss/articles/CBMijgFBVV95cUxNUmNyZzVfV2xoVldrWmpvM3J3LVhkZktXYWthMzM5d3B5MjFWcllsZTJ6UHhMMnJwMmxlZWl0a3JmQnMxUUh6bTFXN0d2ek1BQ2xuZ0JBNjcxMmNodWNSbmxPZXVzbFAwTXVhTUlLd3ZUamdhTnh4cFg5UnJiTXBsN2FVNUZwN3d2QXFycEhB?oc=5,CHP arrests truck driver in Imperial County for DUI - KESQ,Google News (KESQ),2026-07-31T02:21:52+00:00,2026-07-31T12:04:04.334722+00:00,6,False,0.1,,none,False,city,,alerts,True
